<?xml version="1.0" encoding="utf-8"?>
<extension type="component" version="3.2.0" method="install">
	<name>REOO!</name>
	<!-- The following elements are optional and free of formatting constraints -->
	<creationDate>November 2015</creationDate>
	<author>Abdo Mohamed</author>
	<authorEmail>amohamed@marketeers-eg.com</authorEmail>
	<authorUrl>http://www.marketeers-eg.com</authorUrl>
	<copyright>Copyright 2015</copyright>
	<license>For Sky-Bridge Only</license>
	<!--  The version string is recorded in the components table -->
	<version>0.0.1</version>
	<!-- The description is optional and defaults to the name -->
	<description>REOO Joomla Component for Sky-Bridge.</description>
	
	
	<install> <!-- Runs on install -->
		<sql>
			<file driver="mysql" charset="utf8">sql/install.sql</file>
		</sql>
	</install>
	
	<uninstall> <!-- Runs on uninstall -->
		<sql>
			<file driver="mysql" charset="utf8">sql/uninstall.sql</file>
		</sql>
	</uninstall>
	
	<update> <!-- Runs on update; New in 2.5 -->
		<schemas>
			<schemapath type="mysql">sql/updates/mysql</schemapath>
		</schemas>
	</update>

	<!-- Site Main File Copy Section -->
	<!-- Note the folder attribute: This attribute describes the folder
	to copy FROM in the package to install therefore files copied
	in this section are copied from /site/ in the package -->
	<files folder="site">
		<filename>index.html</filename>
		<filename>reoo.php</filename>
		<filename>controller.php</filename>
		<folder>controllers</folder>
		<folder>models</folder>
		<folder>views</folder>
	</files>
	<administration>
		<!-- Administration Menu Section -->
		<menu link='index.php?option=com_reoo'>REOO!</menu>
		<!-- Administration Main File Copy Section -->
		<!-- Note the folder attribute: This attribute describes the folder
			to copy FROM in the package to install therefore files copied
			in this section are copied from /admin/ in the package -->
		<files folder="admin">
			<!-- Admin Main File Copy Section -->
			<filename>index.html</filename>
			<filename>controller.php</filename>
			<filename>reoo.php</filename>
			<folder>assets</folder>
			<folder>controllers</folder>
			<folder>models</folder>
			<folder>views</folder>
			<folder>tables</folder>
			<folder>uploads</folder>
			<!-- SQL files section -->
			<folder>sql</folder>
		</files>
	</administration>
</extension>
